height	calls
0	398
200	400
400	400
600	400
800	400
1000	440
1200	450
1400	400
1600	400
1800	410
2000	400
2200	400
2400	400
2600	400
2800	400
3000	400
3200	416
3400	400
3600	400
3800	408
4000	400
4200	400
4400	400
4600	400
4800	400
5000	400
5200	400
5400	400
5600	400
5800	400
6000	400
6200	400
6400	400
6600	400
6800	400
7000	400
7200	400
7400	400
7600	400
7800	400
8000	400
8200	400
8400	400
8600	400
8800	400
9000	400
9200	400
9400	400
9600	400
9800	400
10000	400
10200	400
10400	400
10600	400
10800	400
11000	400
11200	400
11400	400
11600	400
11800	400
12000	400
12200	400
12400	400
12600	400
12800	400
13000	400
13200	400
13400	400
13600	400
13800	400
14000	400
14200	400
14400	408
14600	400
14800	400
15000	400
15200	418
15400	420
15600	400
15800	400
16000	400
16200	400
16400	400
16600	400
16800	400
17000	400
17200	400
17400	400
17600	400
17800	404
18000	434
18200	416
18400	400
18600	400
18800	400
19000	408
19200	400
19400	400
19600	400
19800	400
20000	400
20200	400
20400	400
20600	400
20800	418
21000	420
21200	438
21400	442
21600	400
21800	400
22000	400
22200	400
22400	404
22600	404
22800	400
23000	400
23200	400
23400	400
23600	404
23800	400
24000	404
24200	400
24400	400
24600	400
24800	406
25000	404
25200	404
25400	400
25600	460
25800	404
26000	400
26200	400
26400	408
26600	400
26800	400
27000	400
27200	400
27400	400
27600	400
27800	400
28000	400
28200	400
28400	416
28600	400
28800	400
29000	400
29200	400
29400	400
29600	400
29800	400
30000	400
30200	400
30400	400
30600	400
30800	400
31000	400
31200	400
31400	400
31600	400
31800	400
32000	400
32200	400
32400	400
32600	400
32800	400
33000	404
33200	400
33400	400
33600	400
33800	400
34000	400
34200	404
34400	408
34600	400
34800	400
35000	400
35200	416
35400	400
35600	404
35800	410
36000	400
36200	400
36400	436
36600	414
36800	400
37000	436
37200	450
37400	400
37600	400
37800	400
38000	400
38200	400
38400	400
38600	408
38800	416
39000	424
39200	400
39400	416
39600	400
39800	400
40000	400
40200	400
40400	412
40600	400
40800	432
41000	400
41200	400
41400	400
41600	400
41800	400
42000	400
42200	400
42400	400
42600	400
42800	400
43000	400
43200	400
43400	400
43600	400
43800	400
44000	400
44200	400
44400	400
44600	400
44800	400
45000	400
45200	400
45400	400
45600	424
45800	400
46000	400
46200	400
46400	412
46600	400
46800	400
47000	424
47200	400
47400	400
47600	400
47800	440
48000	400
48200	400
48400	432
48600	400
48800	400
49000	400
49200	400
49400	400
49600	400
49800	400
50000	400
50200	400
50400	400
50600	404
50800	400
51000	400
51200	400
51400	400
51600	400
51800	400
52000	400
52200	400
52400	400
52600	400
52800	400
53000	400
53200	400
53400	468
53600	400
53800	400
54000	400
54200	416
54400	400
54600	400
54800	400
55000	400
55200	400
55400	400
55600	400
55800	400
56000	400
56200	400
56400	400
56600	400
56800	412
57000	400
57200	400
57400	400
57600	400
57800	400
58000	400
58200	400
58400	400
58600	400
58800	400
59000	400
59200	400
59400	436
59600	428
59800	460
60000	400
60200	400
60400	400
60600	420
60800	408
61000	428
61200	400
61400	432
61600	412
61800	400
62000	400
62200	404
62400	404
62600	400
62800	400
63000	400
63200	400
63400	404
63600	400
63800	400
64000	400
64200	404
64400	976
64600	1068
64800	488
65000	400
65200	400
65400	400
65600	400
65800	400
66000	400
66200	400
66400	400
66600	400
66800	400
67000	400
67200	400
67400	400
67600	400
67800	400
68000	400
68200	400
68400	400
68600	400
68800	404
69000	400
69200	400
69400	400
69600	400
69800	400
70000	400
70200	444
70400	400
70600	400
70800	416
71000	400
71200	400
71400	416
71600	424
71800	400
72000	400
72200	400
72400	400
72600	400
72800	400
73000	418
73200	320
