height	anon_mib
0	652
196	677
400	701
597	728
800	762
997	864
1201	919
1397	887
1601	911
1797	953
2001	1722
2197	1743
2401	1699
2598	1727
2801	1751
2998	1728
3202	1810
3398	1775
3602	1791
3798	1801
4002	2054
4198	2043
4402	2006
4599	2006
4802	2035
4999	2058
5203	2048
5399	2077
5603	2104
5799	2068
6003	1966
6199	1985
6403	1997
6600	1987
6803	1939
7000	1958
7204	1965
7400	1955
7597	1984
7800	1990
7997	2058
8200	2069
8397	1955
8601	2004
8797	1968
9001	1961
9197	1984
9401	1958
9597	1955
9801	1965
9998	1972
10201	1927
10398	1955
10602	2003
10798	2008
11002	2019
11198	2001
11402	2069
11598	1974
11802	1995
11999	1950
12202	2149
12399	1969
12603	1984
12799	1966
13003	1995
13199	1952
13403	1958
13599	1978
13803	1969
14000	2024
14203	2061
14400	1979
14604	1913
14800	1868
14997	1900
15200	2049
15397	1974
15600	1930
15797	1950
16001	1971
16197	2003
16401	2022
16597	1988
16801	2024
16998	1991
17201	1921
17398	1955
17601	1994
17798	2016
18002	2048
18198	2036
18402	2000
18598	2000
18802	2027
18999	2052
19202	2068
19399	2088
19602	2085
19799	1993
20003	1966
20199	1988
20403	2016
20599	2062
20803	2115
21000	2344
21203	2014
21400	2042
21603	2035
21800	1995
21996	2020
22200	2051
22397	2013
22600	1995
22797	1995
23001	1952
23197	1977
23401	1974
23597	1979
23801	1974
23997	1987
24201	1994
24398	2260
24601	2024
24798	2054
25002	2141
25198	2033
25402	2033
25598	2088
25802	2043
25998	2039
26202	2112
26399	2119
26602	2133
26799	2148
27003	2183
27199	2205
27403	2207
27599	2038
27803	2087
27999	2069
28203	2096
28400	2110
28603	1982
28800	2003
29003	2024
29200	2045
29396	2054
29600	2004
29797	2008
30000	2019
30197	2022
30401	2055
30597	2052
30801	2042
30997	2096
31201	2261
31397	2038
31601	1949
31798	1972
32001	1966
32198	2008
32402	2001
32598	2209
32802	1953
32998	1974
33202	1856
33398	1872
33602	1901
33799	1929
34002	1910
34199	1952
34403	1968
34599	1977
34803	2001
34999	1952
35203	2004
35399	2000
35603	2027
35800	1984
36003	2007
36200	2013
36404	2058
36600	2051
36796	2059
37000	2207
37197	2138
37400	2024
37597	2051
37801	2077
37997	2090
38201	2019
38397	2003
38601	2030
38797	2094
39001	2017
39198	2013
39401	2040
39598	1979
39802	1995
39998	2023
40202	2022
40398	2186
40602	2087
40798	2189
41002	2054
41199	2033
41402	2056
41599	2083
41803	2110
41999	2112
42203	2033
42399	2109
42603	2088
42799	2130
43003	2138
43200	2032
43403	2136
43600	2067
43804	2061
44000	2027
44197	2046
44400	2067
44597	1977
44800	2019
44997	2042
45201	2032
45397	2254
45601	2130
45797	1953
46001	1965
46197	1987
46401	2026
46598	2040
46801	2051
46998	2223
47202	2045
47398	2059
47602	2093
47798	2141
48002	2062
48198	2074
48402	2186
48599	2074
48802	2062
48999	2087
49203	2099
49399	2051
49603	2068
49799	2065
50003	2084
50199	2065
50403	2122
50600	2120
50803	1943
51000	1961
51204	1918
51400	1932
51597	1945
51800	1977
51997	2008
52200	1998
52397	2029
52601	2035
52797	1994
53001	2006
53197	2038
53401	2350
53598	2337
53801	2000
53998	1955
54201	2038
54398	2003
54602	1934
54798	1949
55002	1916
55198	1943
55402	1978
55599	2231
55802	1993
55999	2035
56202	1959
56399	2001
56603	1988
56799	2061
57003	2054
57199	2162
57403	2039
57600	2043
57803	2022
58000	2006
58203	1921
58400	1965
58596	1945
58800	1988
58997	1987
59200	1968
59397	1974
59601	2040
59797	2151
60001	1993
60197	2011
60401	2020
60597	2056
60801	2067
60998	2293
61201	2026
61398	2016
61602	2019
61798	2029
62002	2054
62198	2077
62402	2080
62598	2074
62802	2088
62999	2120
63202	2139
63399	2048
63603	1974
63799	1987
64003	1993
64199	1979
64403	2681
64599	2745
64803	2191
65000	2069
65203	2074
65400	2019
65603	2036
65800	2094
65996	2097
66200	2013
66397	2035
66600	2032
66797	2090
67001	2036
67197	2052
67401	2196
67597	2104
67801	2093
67997	2129
68201	2151
68398	1981
68601	2061
68798	2048
69002	1926
69198	1955
69402	1949
69598	1934
69802	1987
69998	2023
70202	2279
70399	2029
70602	2039
70799	2112
71003	2055
71199	2058
71403	2136
71599	2239
71803	2077
71999	2029
72203	2048
72400	2058
72603	2085
72800	1977
